FID,DISTRICT,SHAPE_Length,SHAPE_Area
1,1,0.216852757389961,0.00146242675798545
2,2,0.354313769887959,0.00467653212614361
3,3,0.348023360085704,0.0035266757616584
4,4,0.294875813849451,0.00339196635765641
5,5,0.0218664317751523,2.28605432574597e-05
6,5,0.303671059229015,0.00356337794041484
